-- Data migration: legacy codex_entries ("The Witherwild") + shattered_lands
-- into the normalized multi-campaign schema. Generated by build_migration.js
-- from a full dump of the live legacy tables; every row below traces back
-- to a specific legacy row id (see comments).
begin;

insert into campaigns (id, slug, name, created_by) values
  ('3d94bb9a-3995-452f-9e20-371c6c697443', 'the-witherwild', 'The Witherwild', '0f212309-910c-4d8a-8efc-ec68b6f5a217'),
  ('bb3518a1-bf7c-4094-b58a-1007333c203e', 'shattered-lands', 'Shattered Lands', '0f212309-910c-4d8a-8efc-ec68b6f5a217');

insert into campaign_members (campaign_id, user_id, role) values
  ('3d94bb9a-3995-452f-9e20-371c6c697443', '0f212309-910c-4d8a-8efc-ec68b6f5a217', 'gm'),
  ('bb3518a1-bf7c-4094-b58a-1007333c203e', '0f212309-910c-4d8a-8efc-ec68b6f5a217', 'gm');

insert into regions (id, campaign_id, slug, name) values ('58cf07dc-2412-4da0-8511-ec2619af17b2', '3d94bb9a-3995-452f-9e20-371c6c697443', 'fanewick', 'Fanewick');
insert into regions (id, campaign_id, slug, name) values ('54165b88-6139-43c2-be0c-3b172c79cebb', '3d94bb9a-3995-452f-9e20-371c6c697443', 'haven', 'Haven');

-- legacy factions/mmm5f3hwes5n133n3pp
insert into factions (id, campaign_id, slug, name, type, goal, resources) values ('db43a4cb-9925-4b40-a3ca-d321ab3d37bc', '3d94bb9a-3995-452f-9e20-371c6c697443', 'havenites', 'Havenites', 'Nation', NULL, NULL);
insert into faction_gm_notes (faction_id, secrets) values ('db43a4cb-9925-4b40-a3ca-d321ab3d37bc', NULL);
-- legacy factions/mmm5fzyhf73mx89dx6q
insert into factions (id, campaign_id, slug, name, type, goal, resources) values ('f4c6c76f-dfd1-4732-87ee-7540bd0d37cc', '3d94bb9a-3995-452f-9e20-371c6c697443', 'wicklings', 'Wicklings', 'Nation', NULL, NULL);
-- legacy factions/mmm5n6kghbo5sko5mmi
insert into factions (id, campaign_id, slug, name, type, goal, resources) values ('f1940563-820e-443d-a54a-9b48c6ba3c44', '3d94bb9a-3995-452f-9e20-371c6c697443', 'the-resistance', 'The Resistance', 'Army', NULL, NULL);
insert into faction_gm_notes (faction_id, secrets) values ('f1940563-820e-443d-a54a-9b48c6ba3c44', NULL);
-- legacy factions/mmm87kqtok67o4se9l
insert into factions (id, campaign_id, slug, name, type, goal, resources) values ('2d88a0a3-87bf-4a9f-aea7-3f874f9afa38', '3d94bb9a-3995-452f-9e20-371c6c697443', 'order-of-the-bone', 'Order of the Bone', 'Cult', '- Secretive, underground cult that believes turning to stone is not death, but a means to ascension. To them, flesh is a temporary burden — pain, hunger, fear, and grief made manifest — and stone is freedom from all of it.
- They teach that when the body stills, the soul is released from the cycle of seasons and suffering, able to pass into a higher, eternal state. Shun’Aush, they claim, did not perish — he shed his flesh and became something greater. Those who turn to stone follow in his path.
- The Serpent’s Sickness is not a curse in their eyes.
- They are opposed to the Crimson Lady’s cure.
- They carry bone dust with them and provide it to converted followers.
- Led by Mother Stillroot, a cloaked Fungril.', NULL);
insert into factions (id, campaign_id, slug, name, type) values ('dd9efaa3-65a5-430d-8d8f-2b9e3005d54a', '3d94bb9a-3995-452f-9e20-371c6c697443', 'unaligned', 'Unaligned', 'Independent');

-- legacy divinities/mmm8oqrbu4vjh2vn5lh
insert into divinities (id, campaign_id, slug, name, domain, dogma, worshippers) values ('bee7104d-6568-4c04-8cbc-1ef0e3b547e9', '3d94bb9a-3995-452f-9e20-371c6c697443', 'lirath', 'Lirath', 'The Shadow Trickster', 'Lirath is a god of mischief, illusions, and cleverness. Known for stirring chaos and brightening otherwise dull days with his unpredictable antics, he thrives on wit and cunning. Lirath often plays pranks on other gods and mortals alike, using illusions and trickery to teach lessons or simply to entertain himself. Despite his mischievous nature, he is revered for his intelligence and resourcefulness, often guiding those who seek clever solutions to complex problems. His presence is subtle yet powerful, often felt in moments of surprise or when things seem to take an unexpected turn.', NULL);
-- legacy divinities/mmm8tigl7bp068kf0ja
insert into divinities (id, campaign_id, slug, name, domain, dogma, worshippers) values ('f527736e-8ee4-4e17-ab7c-9d597710eec2', '3d94bb9a-3995-452f-9e20-371c6c697443', 'nikta', 'Nikta', 'The Shepard of Seasons', 'Nikta controls the changing of seasons based on which eye she is gazing on the land from
The Sowing Eye
• Governs growth, renewal, fertility, and the turning of spring into summer.
• It’s what allows new life to emerge after decay.
• Its light is warm, green-gold, and nurturing — the “breath” of nature itself.

The Reaping Eye
• Governs decay, dormancy, death, and the turn from autumn into winter.
• It allows old life to pass, feeding the soil for the next bloom.
• Its light is silver and cold, but not evil — it is the necessary end.

Archmage Phylax stole Nikta''s reaping eye to increase the growth of Haven''s flower fields.', NULL);

-- legacy locations/mmm2tv4o0wrzmas9xy3n
insert into locations (id, campaign_id, region_id, slug, name, type, tags, controlled_by_faction_id, atmosphere, content_html) values ('7f963150-a8dc-4686-9655-178edad7b011', '3d94bb9a-3995-452f-9e20-371c6c697443', '58cf07dc-2412-4da0-8511-ec2619af17b2', 'alula', 'Alula', 'settlement', ARRAY['City']::text[], NULL, 'Treetop Village. The village serves as neutral territory between Haven and Fanewick.', '<p>A small village in the treetops of The Unsleeping Wood. It is an independent village who has, so far, been able to avoid choosing sides in the war. Havenites and Wicklings use the village as neutral ground to meet with leaders of both sides.</p><p>Many treetops are all connected by rope bridges. There is a large municipal platform that serves as the center of the village with bridges leading in all directions to other groups of structures in the other trees. All made from locally sourced wood and materials that blend in perfectly to the surrounding area.</p><h3>Points of Interest</h3><p>Treetop Tavern -  Loud and vibrant environment. People of all ancestries laughing and yelling in excitement and intoxication. A tree rises up through the center of the tavern. The bar is a full circle around the tree. There are many tables arranged around the bar and against the exterior facing wall. Above the tavern the structure rises up around a larger tree with inn rooms.</p><p>Timber''s Trinkets - Small merchant shop run by Timber, a halfling. The shop currently is not well stocked because trade into the area has been blocked by the Witherwild. Once the players help Elara decipher the stone cipher, traders can make it to Alula safely with more goods.</p>');
-- legacy locations/mmm5ucycibdp2johrmq
insert into locations (id, campaign_id, region_id, slug, name, type, tags, controlled_by_faction_id, atmosphere, content_html) values ('e8edda15-4277-4d48-b102-0b42bed9a779', '3d94bb9a-3995-452f-9e20-371c6c697443', '58cf07dc-2412-4da0-8511-ec2619af17b2', 'bogs-of-despair', 'Bogs of Despair', 'wilderness', ARRAY['Wilderness']::text[], NULL, NULL, '<p>The Bogs of Despair is said to be the location where Shun''Aush''s heart finally decayed after the Havenites slew him. Those who enter the Bogs of Despair rarely emerge, forever lost in their sorrow. Sometimes at night you can hear the faint desperate cries of its lost souls.</p>');
-- legacy locations/mmm5vrj8vv4k4rcx4u
insert into locations (id, campaign_id, region_id, slug, name, type, tags, controlled_by_faction_id, atmosphere, content_html) values ('37f15a38-9d9e-4b1c-942b-c711a51903dc', '3d94bb9a-3995-452f-9e20-371c6c697443', '58cf07dc-2412-4da0-8511-ec2619af17b2', 'the-great-spliff', 'The Great Spliff', 'settlement', ARRAY['Town']::text[], NULL, NULL, '<p>This ancient pine is revered by the Galapa and other Wildborne creatures as a sacred site. They believe the tree is a conduit to the spirit world and that its needles possess powerful healing properties. The Great Spliff is also a haven for refugees fleeing the Witherwild, offering a temporary sanctuary amidst the chaos.</p><p>Herbtle''s hometown</p>');
-- legacy locations/mmm5wu2x2y58o7knp9i
insert into locations (id, campaign_id, region_id, slug, name, type, tags, controlled_by_faction_id, atmosphere, content_html) values ('b0ea589c-11ec-4435-925a-78119de686a6', '3d94bb9a-3995-452f-9e20-371c6c697443', '58cf07dc-2412-4da0-8511-ec2619af17b2', 'the-unsleeping-wood', 'The Unsleeping Wood', 'wilderness', ARRAY['Region']::text[], NULL, NULL, '<p>A large forest inhabited by many races of wicklings. </p>');
-- legacy locations/mmm76y9lcpfuxlddzi
insert into locations (id, campaign_id, region_id, slug, name, type, tags, controlled_by_faction_id, atmosphere, content_html) values ('f38213a5-05f0-4120-9b0e-fc156b3f69aa', '3d94bb9a-3995-452f-9e20-371c6c697443', '58cf07dc-2412-4da0-8511-ec2619af17b2', 'the-riverwalkers-hunting-ground', 'The Riverwalkers Hunting Ground', 'wilderness', ARRAY['Wilderness']::text[], NULL, NULL, '<p>This area is the site of intense conflict between Haven and Fanewick, as the Crimson Lady grows here in abundance. Havenite patrols regularly venture into the area to harvest the flower, leading to frequent skirmishes with rebel Wicklings.</p>');
-- legacy locations/mmm78cykh41vkqeru2
insert into locations (id, campaign_id, region_id, slug, name, type, tags, controlled_by_faction_id, atmosphere, content_html) values ('c304fc10-2959-43a2-b955-997abff9c3a1', '3d94bb9a-3995-452f-9e20-371c6c697443', '58cf07dc-2412-4da0-8511-ec2619af17b2', 'tailspire-crags', 'Tailspire Crags', 'landmark', ARRAY['Ruins']::text[], NULL, NULL, '<p>Legends say that the two pillars were once connected, forming a gateway to another realm. A powerful earthquake shattered the bridge, severing the connection and unleashing a surge of magical energy that warped the surrounding landscape. The Witherwild acts differently here. Instead of attacking recklessly it protects the crags and any attempt to repair the connection.</p>');
-- legacy locations/mmm79pfynvtwx6li1b7
insert into locations (id, campaign_id, region_id, slug, name, type, tags, controlled_by_faction_id, atmosphere, content_html) values ('17c12811-1fe8-43c7-a6e7-da79c7b11058', '3d94bb9a-3995-452f-9e20-371c6c697443', '58cf07dc-2412-4da0-8511-ec2619af17b2', 'the-carnivorous-divide', 'The Carnivorous Divide', 'wilderness', ARRAY['Wilderness']::text[], NULL, NULL, '<p>Plants compete for dominance, evolving into monstrous, carnivorous forms. The air is thick with pollen and spores, causing hallucinations and paranoia.</p>');
-- legacy locations/mmm7ah0let7h1tg7vwn
insert into locations (id, campaign_id, region_id, slug, name, type, tags, controlled_by_faction_id, atmosphere, content_html) values ('1ef92619-6e86-4e36-9260-6371e4de5bc4', '3d94bb9a-3995-452f-9e20-371c6c697443', '58cf07dc-2412-4da0-8511-ec2619af17b2', 'the-stones-of-cassema', 'The Stones of Cassema', 'landmark', ARRAY['Ruins']::text[], NULL, NULL, '<p>These stones are said to be left by the Ancients. They hum with a faint energy, and some say they can be used to communicate with the spirits of the land. However, tampering with the stones is said to anger the divinities and invite misfortune.</p>');
-- legacy locations/mmm7bk5u5jtndaafxhp
insert into locations (id, campaign_id, region_id, slug, name, type, tags, controlled_by_faction_id, atmosphere, content_html) values ('7a08756e-2b12-48ec-be13-463a077c783a', '3d94bb9a-3995-452f-9e20-371c6c697443', '58cf07dc-2412-4da0-8511-ec2619af17b2', 'the-fields-of-unceasing-song', 'The Fields of Unceasing Song', 'wilderness', ARRAY['Wilderness']::text[], NULL, NULL, '<p>The singing is said to be the ghost of a Wickling woman who was betrayed by her Havenite lover. The wind carried her sorrowful melody across the fields. The winds can also make travelers entranced.</p>');
-- legacy locations/mmm7cm0bjc8qqebduz9
insert into locations (id, campaign_id, region_id, slug, name, type, tags, controlled_by_faction_id, atmosphere, content_html) values ('789e0503-ff44-4660-929d-524baee1261d', '3d94bb9a-3995-452f-9e20-371c6c697443', '58cf07dc-2412-4da0-8511-ec2619af17b2', 'rot-hollow', 'Rot Hollow', 'landmark', ARRAY['Mountain']::text[], NULL, NULL, '<p>The crack in the mountainside is believed to be a scar left by Shun''Aush''s death, a wound in the earth that never truly healed. rebel Wicklings built a passage into the mountain to attempt to cross the border unseen.</p>');
-- legacy locations/mmm7dt6qvpundjlnvks
insert into locations (id, campaign_id, region_id, slug, name, type, tags, controlled_by_faction_id, atmosphere, content_html) values ('7fb21771-74b5-4c67-9535-1081ff7055c3', '3d94bb9a-3995-452f-9e20-371c6c697443', '58cf07dc-2412-4da0-8511-ec2619af17b2', 'cackling-moor', 'Cackling Moor', 'settlement', ARRAY['Town']::text[], NULL, NULL, '<p>A potent area full of fungi that is only habitable by Fungril. The spores from the mushrooms create hysteria in the unwary. The faint divinity Oove has been known to act as protector of this land.</p><p>N''Lirk''s home</p>');
-- legacy locations/mmm7f64luci8g3mbqle
insert into locations (id, campaign_id, region_id, slug, name, type, tags, controlled_by_faction_id, atmosphere, content_html) values ('3bb1c91c-c091-4b59-aca4-d9b83ce817bb', '3d94bb9a-3995-452f-9e20-371c6c697443', '54165b88-6139-43c2-be0c-3b172c79cebb', 'stolen-fen', 'Stolen Fen', 'settlement', ARRAY['Town']::text[], NULL, NULL, '<p>A town of Wicklings who were forced to pledge loyalty to Haven in exchange for protection from the Witherwild. They are viewed with suspicion by both sides, caught between their former allegiances and their new obligations.</p>');
-- legacy locations/mmm7fmwrkhywhlf0wvd
insert into locations (id, campaign_id, region_id, slug, name, type, tags, controlled_by_faction_id, atmosphere, content_html) values ('5440c14a-6a3c-4f8b-8c55-ef488fa7b275', '3d94bb9a-3995-452f-9e20-371c6c697443', '54165b88-6139-43c2-be0c-3b172c79cebb', 'shun-aush', 'Shun’Aush', 'settlement', ARRAY['City']::text[], NULL, NULL, '<p>The city is a haunting reminder of Haven''s past transgressions. The statues of petrified citizens serve as a constant warning, a symbol of the consequences of defying the Faint Divinities. The air is still filled with the bone dust of Shun’Aush so the inhabitants who still live there must wear ventilators when outside.</p>');
-- legacy locations/mmm7gjpquk4b1rd23fk
insert into locations (id, campaign_id, region_id, slug, name, type, tags, controlled_by_faction_id, atmosphere, content_html) values ('82df0752-c9d5-414f-8c53-3cf194647ee7', '3d94bb9a-3995-452f-9e20-371c6c697443', '54165b88-6139-43c2-be0c-3b172c79cebb', 'low-passage', 'Low Passage', 'settlement', ARRAY['Town']::text[], NULL, NULL, '<p>This town is a vital trade hub for Haven, connecting the city to the southern regions. It is also a staging ground for Havenite patrols venturing into the Riverwalkers Hunting Ground to harvest the Crimson Lady. Tensions are high in Low Passage, as the town is constantly threatened by both the Serpent''s Sickness and attacks from Fanewick.</p>');
-- legacy locations/mmm7h61umb6hz3axysj
insert into locations (id, campaign_id, region_id, slug, name, type, tags, controlled_by_faction_id, atmosphere, content_html) values ('ea67541c-2d24-4a18-a4ff-cffaee6f1cf8', '3d94bb9a-3995-452f-9e20-371c6c697443', '54165b88-6139-43c2-be0c-3b172c79cebb', 'keener-s-pike', 'Keener''s Pike', 'landmark', ARRAY['Mountain']::text[], NULL, NULL, '<p>This mountain range is rich in minerals and resources, making it a valuable asset for Haven. However, the mountains are also home to dangerous creatures and hidden ruins, remnants of a civilization that predates both Haven and Fanewick. Havenites who venture into the mountains often disappear without a trace, fueling rumors of ancient curses and vengeful spirits.</p>');
-- legacy locations/mmm7hj9tsm81i6j68mi
insert into locations (id, campaign_id, region_id, slug, name, type, tags, controlled_by_faction_id, atmosphere, content_html) values ('a137a81b-d38b-42b5-9c0d-ac43fc553c80', '3d94bb9a-3995-452f-9e20-371c6c697443', '54165b88-6139-43c2-be0c-3b172c79cebb', 'qavvik-s-tower', 'Qavvik''s Tower', 'landmark', ARRAY['Ruins']::text[], NULL, NULL, '<p>A desolate place, shunned by both sides. The reason for the barren land around the tower is a mystery, but some say it was once a site of a terrible magical experiment to rid the region of the Witherwild that went awry. The tower is now haunted by restless spirits and strange phenomena, making it a dangerous and unsettling place to visit.</p>');
-- legacy locations/mmm7itmq15sdpwnhuxt
insert into locations (id, campaign_id, region_id, slug, name, type, tags, controlled_by_faction_id, atmosphere, content_html) values ('7d68dc4d-601a-4ac2-865b-d08e02a09cf7', '3d94bb9a-3995-452f-9e20-371c6c697443', '54165b88-6139-43c2-be0c-3b172c79cebb', 'gor-s-descent', 'Gor’s Descent', 'wilderness', ARRAY['Wilderness']::text[], NULL, NULL, '<p>Path down the mountain that connects the barren area to the wilds surrounding The Somnolent Shore.</p>');
-- legacy locations/mmm7jorh4yeeek3h46d
insert into locations (id, campaign_id, region_id, slug, name, type, tags, controlled_by_faction_id, atmosphere, content_html) values ('a0e5050b-1c4c-4d58-ad3f-17b0e342db0e', '3d94bb9a-3995-452f-9e20-371c6c697443', '54165b88-6139-43c2-be0c-3b172c79cebb', 'silver-sage', 'Silver Sage', 'settlement', ARRAY['Town']::text[], NULL, NULL, '<p>A mysterious city founded by Havenites seeking spiritual enlightenment. They claim to have unlocked the secrets of the Ancients and have developed unique magical practices that are unlike anything else in the region. Silver Sage is largely isolated from the rest of Haven, and its inhabitants are viewed with suspicion by those who cling to traditional beliefs.</p>');
-- legacy locations/mmm7ka4pgam3r2z4k7
insert into locations (id, campaign_id, region_id, slug, name, type, tags, controlled_by_faction_id, atmosphere, content_html) values ('760ec744-2634-42bb-8c6c-74109d86ae8a', '3d94bb9a-3995-452f-9e20-371c6c697443', '54165b88-6139-43c2-be0c-3b172c79cebb', 'the-pond-of-lost-hope', 'The Pond of Lost Hope', 'wilderness', ARRAY['Wilderness']::text[], NULL, NULL, '<p>This pond is said to be a window to another realm. Those who enter the pond with a pure heart and a strong desire may be granted a glimpse of the divine, but those who are driven by greed or malice will be consumed by the darkness within. Many have sought the pond, hoping for a miracle, but most simply vanish, their hopes forever lost in its depths.</p>');
-- legacy locations/mmm7lh4bapypl1i3tp4
insert into locations (id, campaign_id, region_id, slug, name, type, tags, controlled_by_faction_id, atmosphere, content_html) values ('deb0f4f8-6b37-41f2-9e62-a41e78c69136', '3d94bb9a-3995-452f-9e20-371c6c697443', '54165b88-6139-43c2-be0c-3b172c79cebb', 'crystal-bridge', 'Crystal Bridge', 'building', ARRAY['Outpost']::text[], NULL, NULL, '<p>The fortress is built atop Fire Falls. It is a symbol of Haven''s technological prowess and military might, a testament to their determination to control the resources of the region. The bridge is heavily guarded and is said to be protected by powerful magical wards, making it a difficult target for attack.</p>');
-- legacy locations/mmm83waw9wgdbqduw6q
insert into locations (id, campaign_id, region_id, slug, name, type, tags, controlled_by_faction_id, atmosphere, content_html) values ('d451fac3-52f0-441c-8435-c5e13c008165', '3d94bb9a-3995-452f-9e20-371c6c697443', '54165b88-6139-43c2-be0c-3b172c79cebb', 'seagloam-cave', 'Seagloam Cave', 'dungeon', ARRAY['Cave']::text[], NULL, NULL, '<p>The crystals that line the cave are said to amplify magical energy, making it a valuable resource for Havenite sorcerers. However, the cave is also home to strange and dangerous creatures, mutated by the magical energies within. Those who venture into Seagloam Cave risk not only their lives but also their sanity.</p>');
-- legacy locations/mmm84nz5jwco7yv9zum
insert into locations (id, campaign_id, region_id, slug, name, type, tags, controlled_by_faction_id, atmosphere, content_html) values ('b8aa941d-b82b-411b-aaf6-641ee093b3aa', '3d94bb9a-3995-452f-9e20-371c6c697443', '54165b88-6139-43c2-be0c-3b172c79cebb', 'the-somnolent-shore', 'The Somnolent Shore', 'landmark', ARRAY['Beach/Waterfront']::text[], NULL, NULL, '<p>The waters here are said to possess calming properties, lulling those who linger too long into a deep and dreamless sleep. The shore is a popular destination for Havenites seeking respite from the horrors of the Serpent''s Sickness.</p>');
-- legacy locations/mmm854pqhfai2esqmp9
insert into locations (id, campaign_id, region_id, slug, name, type, tags, controlled_by_faction_id, atmosphere, content_html) values ('e6abcca9-455e-41db-8def-00b743708d32', '3d94bb9a-3995-452f-9e20-371c6c697443', '54165b88-6139-43c2-be0c-3b172c79cebb', 'the-isle-of-the-twelve', 'The Isle of the Twelve', 'landmark', ARRAY['Island/Ruins']::text[], NULL, NULL, '<p>The ruins are the remains of an ancient temple dedicated to twelve powerful beings known simply as "The Twelve." The Keepers were said to possess the ability to control the seasons and maintain the balance of nature. Their powers were feared and envied, and they were eventually overthrown and their temple destroyed.</p>');
-- legacy locations/mnht7nuifgs54mhyl7e
insert into locations (id, campaign_id, region_id, slug, name, type, tags, controlled_by_faction_id, atmosphere, content_html) values ('ec0207f6-823f-4787-8a3d-0f23a2b245c8', '3d94bb9a-3995-452f-9e20-371c6c697443', '58cf07dc-2412-4da0-8511-ec2619af17b2', 'underoot', 'Underoot', 'settlement', ARRAY['Refuge']::text[], 'f1940563-820e-443d-a54a-9b48c6ba3c44', NULL, '<p>An underground city beneath Rot Hollow. The home of the resistance but also serves as a settlement for refugees. It is uncertain how many Wicklings live here but the number is likely in the thousands.</p><h3>Points of Interest</h3><p><strong>Residential Cavern (Main Chamber)</strong><br>Largest of the caverns in the Underoot the cave floor is covered in stalagmites and pools of water. In the center of the chamber is a Shanty town type area built on to of a wooden platform. Around the sides of the cavern are many dwellings built into the side of the cave walls. The dwellings continue up the sides until the cave wall inverts too much.Mossheart''s Grove<br>Large tree growing out of one of the pools on the Residential Cavern''s floor. Elder Mossheart Frequently communes with nature here and meditates. While she meditates she surrounds herself with many spores.</p><p><strong>Agricultural Cavern</strong><br>This chamber is lit by natural light that comes in from the cavern ceiling. A series of mirrors have been assembled to amplify the natural light in this chamber. The resistance grows all of the food to support its residents and fighters. There also is a large section for growing both medicinal and toxic herbs. The toxic herbs are handled very carefully with many protocols to make sure they don''t contaminate any other areas.</p><p><strong>War Chamber</strong><br>There is a large stone table top in the center of the chamber built on top of a series of stalagmites. On the table is a few rolled up maps on top of an unrolled one. There are markers spread out around the map to symbolize Fanewick and Haven forces.</p><p><strong>Medical Hub</strong><br>The medical hub is full of many beds with injured and sick. There is a large supply of medicinal herbs on shelves along the walls. Many stalagmites create natural separations to line the beds. </p>');

-- legacy npcs/mmlf395c1b7xah6bteq
insert into characters (id, campaign_id, slug, name, kind, role_or_title, tags, faction_id, home_location_id, attitude, vitality, appearance, personality, content_html) values ('b422b896-2ae6-4169-a358-a32a54d03e3d', '3d94bb9a-3995-452f-9e20-371c6c697443', 'nora-clovefoot', 'Nora Clovefoot', 'npc', 'Warrior - Ex Havenite Soldier', '{}', null, null, 'ally', 'alive', 'Tall Faun (6.5 ft) She wears loose fitting flowing clothes with tightly fit armor underneath', 'She is eager to aid others especially when they are in need of being protected. She is fast, graceful, and hits hard.', NULL);
-- legacy npcs/mmlfeofdm4hqpqwaa3c
insert into characters (id, campaign_id, slug, name, kind, role_or_title, tags, faction_id, home_location_id, attitude, vitality, appearance, personality, content_html) values ('3c53a242-9b04-41f3-bf6f-5e39d22779fb', '3d94bb9a-3995-452f-9e20-371c6c697443', 'elara', 'Elara', 'npc', 'Faerie Scholar', '{}', null, NULL, 'ally', 'alive', 'Very small Loreborne Faerie (4ft).', 'Determined to make a new discovery in the books she is always reading. She is quiet and bookish but full of excited energy. Kind of nags the party “please let me come”.', '<p>Frequently found at: Treetop Tavern</p>');
-- legacy npcs/mmlff0xe5ajbiwq7ub4
insert into characters (id, campaign_id, slug, name, kind, role_or_title, tags, faction_id, home_location_id, attitude, vitality, appearance, personality, content_html) values ('021aa298-175d-4fb2-af1c-c37eb8205922', '3d94bb9a-3995-452f-9e20-371c6c697443', 'the-fanewraith', 'The Fanewraith', 'npc', 'Orc Mage', '{}', null, null, 'hostile', 'alive', NULL, NULL, NULL);
-- legacy npcs/mmm2bnjek68nxmqidnh
insert into characters (id, campaign_id, slug, name, kind, role_or_title, tags, faction_id, home_location_id, attitude, vitality, appearance, personality, content_html) values ('1fea7721-6ff4-4f92-90e1-325250983878', '3d94bb9a-3995-452f-9e20-371c6c697443', 'mugsy', 'Mugsy', 'npc', 'Firbolg Barkeep', '{}', null, NULL, 'ally', 'alive', 'Mugsy is a stout firbolg woman who was the runt of her family. She has an almost dwarven face but her ears droop down to the side. She has long hair with two thick breads coming down, one over each shoulder.', 'She is aggressive when she needs to be but has a southern hospitality warmth to her.', '<p>Frequently found at: Treetop Tavern</p>');
-- legacy npcs/mmm5h6p22dhupl8doyq
insert into characters (id, campaign_id, slug, name, kind, role_or_title, tags, faction_id, home_location_id, attitude, vitality, appearance, personality, content_html) values ('facfac02-0d64-413b-bc84-b0cf8bae2ac2', '3d94bb9a-3995-452f-9e20-371c6c697443', 'the-haven-king', 'The Haven King', 'npc', 'Human King', '{}', 'db43a4cb-9925-4b40-a3ca-d321ab3d37bc', '5440c14a-6a3c-4f8b-8c55-ef488fa7b275', 'hostile', 'alive', NULL, '• Sees himself as godly.
• Hates the faint divinities out of jealousy of their power.
• Enjoys making and seeing others suffer
• Loves the power of being able to let people die
• His father or grandfather is the one who killed Shun''Aush and built Haven into his remains. Then passed that hate and jealousy of the faint divinities down generations.', NULL);
-- legacy npcs/mmm5khcnfuad5a07ol
insert into characters (id, campaign_id, slug, name, kind, role_or_title, tags, faction_id, home_location_id, attitude, vitality, appearance, personality, content_html) values ('7bdd242a-a762-4983-8d6f-bfd60c06f9b2', '3d94bb9a-3995-452f-9e20-371c6c697443', 'kameus', 'Kameus', 'npc', 'Galapa Healer', ARRAY['healer','alula']::text[], 'f4c6c76f-dfd1-4732-87ee-7540bd0d37cc', '7f963150-a8dc-4686-9655-178edad7b011', 'ally', 'alive', 'Galapa wearing a large cloak with trinkets hanging off of it. Carries a staff with a glowing blue orb attached to the top encased in an ornate wooden enclosure.', 'Knowledgable elder type personality.', NULL);
-- legacy npcs/mmm5qhkbwroz7sxxol
insert into characters (id, campaign_id, slug, name, kind, role_or_title, tags, faction_id, home_location_id, attitude, vitality, appearance, personality, content_html) values ('e6856eed-adf0-42b9-b25f-a06396cebb4d', '3d94bb9a-3995-452f-9e20-371c6c697443', 'ronan', 'Ronan', 'npc', 'Simiah Ranger', '{}', 'f1940563-820e-443d-a54a-9b48c6ba3c44', NULL, 'ally', 'alive', 'Ronan is a medium sized (5ft tall) Simiah in a hooded cloak. His wolf companion, Snaggletooth, is always at his feet. Snaggletooth is very protective of Ronan. ', 'Mysterious and a bit antisocial. He comes off a bit abrasive but is eager to find allies in his fight against Haven.', NULL);
-- legacy npcs/mmm6fkd5r3jt5yd2gh
insert into characters (id, campaign_id, slug, name, kind, role_or_title, tags, faction_id, home_location_id, attitude, vitality, appearance, personality, content_html) values ('c1449830-d1c3-4295-9f66-e7a0c341352b', '3d94bb9a-3995-452f-9e20-371c6c697443', 'mirek', 'Mirek', 'npc', 'Human Bandit Captain', '{}', 'dd9efaa3-65a5-430d-8d8f-2b9e3005d54a', NULL, 'neutral', 'alive', 'Rugged large man.', '• Hired by the Fanewraith to mine rune essence from the caves around Fire Falls. 
• Comes off as a tough bandit but when not in front of his crew he will fold quickly.', '<p>Frequently found at: Bandit Hideout</p>');
-- legacy npcs/mmob7owdvj48ipgwjt9
insert into characters (id, campaign_id, slug, name, kind, role_or_title, tags, faction_id, home_location_id, attitude, vitality, appearance, personality, content_html) values ('58dc0580-e3d3-488e-8498-22ae6379d173', '3d94bb9a-3995-452f-9e20-371c6c697443', 'beepo-boppo', 'Beepo & Boppo', 'npc', 'Bandit', '{}', null, null, 'ally', 'dead', NULL, 'Entranced by Bunt to fight with the party.', NULL);
-- legacy npcs/mmobatq4ctxqz99a2c7
insert into characters (id, campaign_id, slug, name, kind, role_or_title, tags, faction_id, home_location_id, attitude, vitality, appearance, personality, content_html) values ('a5809a23-b80e-4c36-a901-c799bbec8f0f', '3d94bb9a-3995-452f-9e20-371c6c697443', 'mother-stillroot', 'Mother Stillroot', 'npc', 'Fungril Cult Leader', '{}', '2d88a0a3-87bf-4a9f-aea7-3f874f9afa38', NULL, 'unknown', 'alive', 'Cloaked fungril', '- She uses her spores to entrance her followers and calm them.
- Genuinely believes that she is offering mercy by turning followers to stone.
- Takes advantage of people who have been directly affected by the witherwild.', NULL);
-- legacy npcs/mnht3ys64r7y6i2s05c
insert into characters (id, campaign_id, slug, name, kind, role_or_title, tags, faction_id, home_location_id, attitude, vitality, appearance, personality, content_html) values ('df261fb1-de8a-4cd6-857c-4f593b84956b', '3d94bb9a-3995-452f-9e20-371c6c697443', 'commander-thessa-ironbark', 'Commander Thessa Ironbark', 'npc', 'Orc Commander', '{}', 'f1940563-820e-443d-a54a-9b48c6ba3c44', 'ec0207f6-823f-4787-8a3d-0f23a2b245c8', 'ally', 'alive', 'Muscular orc woman missing her left arm. She wears a prosthetic clank arm in its place.', 'Thessa grew up as a farmer to the south of The Riverwalkers Hunting Ground. Her village and farm were attacked and taken by Havenite forces claiming land for their flower fields. Her parents and sister were killed in front of her while she helplessly hid under a wooden cart, too young to fight back.

She was taken in by another family of refugees. Because of the Haven occupation of villages and settlements closer to the border they moved into the less desirable rocky lands surrounding the Rot Hollow mountains.

She grew up hating Haven for what it stole from her, a life with her family and everything they worked so hard for. She has dedicated her life to bringing them down.', NULL);
-- legacy npcs/mnht532nur8i5kyscso
insert into characters (id, campaign_id, slug, name, kind, role_or_title, tags, faction_id, home_location_id, attitude, vitality, appearance, personality, content_html) values ('05f740b8-37b5-46ba-8d04-bf0b3b22031f', '3d94bb9a-3995-452f-9e20-371c6c697443', 'elder-mossheart', 'Elder Mossheart', 'npc', 'Fungril Cleric', '{}', 'f1940563-820e-443d-a54a-9b48c6ba3c44', 'ec0207f6-823f-4787-8a3d-0f23a2b245c8', 'ally', 'alive', 'Elderly Fungril Woman', 'She is prophetic and has many visions.', NULL);
-- legacy npcs/mnht6uyrgk1beax7frv
insert into characters (id, campaign_id, slug, name, kind, role_or_title, tags, faction_id, home_location_id, attitude, vitality, appearance, personality, content_html) values ('4bdd9e96-d36c-4d74-83b2-c350666a4887', '3d94bb9a-3995-452f-9e20-371c6c697443', 'kael-dustborn', 'Kael Dustborn', 'npc', 'Simiah Scout', '{}', 'f1940563-820e-443d-a54a-9b48c6ba3c44', 'ec0207f6-823f-4787-8a3d-0f23a2b245c8', 'ally', 'alive', 'Young Simiah scount. Wears a cloak a few sizes too big.', NULL, NULL);

-- legacy quests/mmm2hgem9ttwftheymk
insert into quests (id, campaign_id, slug, name, quest_type, status, giver_character_id, location_id, hook, objective, reward, progress, tags) values ('ac6c9c24-10b5-4766-a025-51ea1bf486e1', '3d94bb9a-3995-452f-9e20-371c6c697443', 'journey-to-the-resistance', 'Journey to the Resistance', 'main', 'complete', 'e6856eed-adf0-42b9-b25f-a06396cebb4d', null, 'Ronan left a note with Mugsy at the Treetop Tavern inviting the party to meet him in the woods to the northwest. He instructed them to bring Nora along.', NULL, NULL, 'You left Alula with Nora and travelled towards the split oak to meet Ronan.
N''Lirk grewa large stalk to help climb the cliffs near fire falls.
At the top of the cliff you found an abandoned campsite and encountered 2 stonewraith''s', '{}');
-- legacy quests/mmm2rkzw6mjdtmjib89
insert into quests (id, campaign_id, slug, name, quest_type, status, giver_character_id, location_id, hook, objective, reward, progress, tags) values ('d42b52ae-9883-4e3f-9a52-5ca4208e97f7', '3d94bb9a-3995-452f-9e20-371c6c697443', 'the-heart-in-the-bog', 'The Heart in the Bog', 'main', 'complete', 'c1449830-d1c3-4295-9f66-e7a0c341352b', NULL, 'Mirek, the Bandit leader, tells the party that The Fanewraith was headed to the Bogs of Despair to find a piece of Shun''Aush''s heart. The heart fragments are rumored to have unique magical properties to them. Her plan is to combine the magical properties from the heart with the rune essence that the bandits were mining.', 'Stop The Fanewraith from combining the rune essence with the magic from the heart fragments.', NULL, 'Complete, players successfully stopped the Fanewraith. She quickly and easily overpowered them by suspending them in the air. Unable to move, Nora joined the fight and distracted the Fanewraith long enough for her to drop them. While Nora checked on the party the Fanewraith was able to escape.', '{}');
-- legacy quests/mmm605xtbp1wfv9bfej
insert into quests (id, campaign_id, slug, name, quest_type, status, giver_character_id, location_id, hook, objective, reward, progress, tags) values ('63c652ce-d3b3-4a5a-abc1-ca368657d12a', '3d94bb9a-3995-452f-9e20-371c6c697443', 'yin-s-poison', 'Yin''s Poison', 'side', 'active', NULL, null, 'Yin asked N''Lirk for help in crafting a poison for her to use against her brother, Yang.', 'Collect Ingredients from:
• Bogs of Despair - Belladonna Black Adder Venom from Black Lotus 
• Fields of Unceasing - Whistling Thresh Feet
• Carnivorous Divide - Blood vine Nectar', NULL, '• Bogs of Despair - Belladonna Black Adder Venom from Black Lotus - COLLECTED', '{}');
-- legacy quests/mmm660sl2qscrecvzcz
insert into quests (id, campaign_id, slug, name, quest_type, status, giver_character_id, location_id, hook, objective, reward, progress, tags) values ('2d3d0688-2f5e-4fab-9b41-30d6cf2f0968', '3d94bb9a-3995-452f-9e20-371c6c697443', 'the-stone-cipher', 'The Stone Cipher', 'side', 'active', '3c53a242-9b04-41f3-bf6f-5e39d22779fb', 'c304fc10-2959-43a2-b955-997abff9c3a1', 'Elara believes that an ancient code, known as the "Stone Cipher," is hidden somewhere in the Unsleeping Wood. She believes it holds the location of a powerful ward that keeps the Witherwild back. She wants to use it to protect merchants moving in and out of the village', NULL, NULL, NULL, '{}');
-- legacy quests/mmm67xq2v9d5raxkr2k
insert into quests (id, campaign_id, slug, name, quest_type, status, giver_character_id, location_id, hook, objective, reward, progress, tags) values ('7aba75eb-4051-43ed-bbfb-b345bc50135f', '3d94bb9a-3995-452f-9e20-371c6c697443', 'hunt-for-the-great-stag', 'Hunt for the Great Stag', 'side', 'complete', 'e6856eed-adf0-42b9-b25f-a06396cebb4d', NULL, 'A massive Great Stag, far larger and more ferocious than any he''s ever seen, has been preying on the local wildlife and even attacking travelers. The Stag leaves a trail of destruction, spreading Witherwild corruption in its wake.', 'Return the antlers from the Great Stag to Ronan.', NULL, 'Completed, Ronan took the antlers. He was unhappy with Bunt for putting a leash on Snaggletooth during the quest. Eventually Snaggletooth seemed to forgive Bunt but was still annoyed.', '{}');
-- legacy quests/mmm6dmt8hzgy52yhhs8
insert into quests (id, campaign_id, slug, name, quest_type, status, giver_character_id, location_id, hook, objective, reward, progress, tags) values ('d4ac6047-d843-478a-ab93-226dce7512e8', '3d94bb9a-3995-452f-9e20-371c6c697443', 'fire-falls-bandit-hideout', 'Fire Falls Bandit Hideout', 'main', 'complete', '1fea7721-6ff4-4f92-90e1-325250983878', NULL, 'Mugsy reveals a location near the Fire Falls cliffside where Jagged Knife bandits loyal to the Fanewraith are known to gather. They are disrupting trade, harassing travelers, and stealing supplies.', NULL, NULL, 'Completed, players defeated all the bandits and made their way into the cave hideout. At the end of the cave they met Mirek who pointed them to the Bogs of Despair to stop the Fanewraith. 

The players decided to let Mirek go.', '{}');
-- legacy quests/mnhyi47p4sxideicmn8
insert into quests (id, campaign_id, slug, name, quest_type, status, giver_character_id, location_id, hook, objective, reward, progress, tags) values ('46e4b615-24a7-4335-8221-4bb5410efaef', '3d94bb9a-3995-452f-9e20-371c6c697443', 'flower-field-on-fire', 'Flower Field on Fire', 'main', 'active', 'df261fb1-de8a-4cd6-857c-4f593b84956b', 'ec0207f6-823f-4787-8a3d-0f23a2b245c8', '- The party heard of others attacking flower fields unsuccessfully. They want to help. Commander Thessa needed some time to think about the best field to attack to cause the most damage to Haven''s forces.', 'Destroy the flower field on the east side of The Riverwalkers Hunting Ground.', NULL, NULL, '{}');

-- legacy sessions/mmnl30tpn3ljb0zam7s
insert into sessions (id, campaign_id, slug, session_number, session_date, name, location_id, is_published, summary_html, highlights) values ('b9d0b926-cab9-428c-bdfe-fc4133a20625', '3d94bb9a-3995-452f-9e20-371c6c697443', 'heart-in-the-bog', 6, '2026-02-12', 'Heart in the Bog', NULL, false, '<p>• The party travelled to the Bogs of Despair to stop the Fanewraith from obtaining a piece of Shun''Aush''s heart. She was going to use it to craft an amulet that can be used to "weaken a god". <br>• You all fought your way through the bog full of a group of assassins hired to protect the Fanewraith while she obtained the heart fragment and performed a ritual to create the amulet.<br>• Nora showed up while you were incapacitated by the strength of the Fanewraith''s magic and saved you.<br>•  After the battle you collected the ingredients that the Fanewraith left behind when she fled and returned to Alula.<br>• Back at Alula you recieved a written message from Ronan left with Mugsy. He invited you to meet the resistance but gave you directions to a meeting spot rather than the hideout to be sure you aren''t followed. He also asked you to bring Nora with you.</p>', ARRAY['During the fight with the Fanewraith she captured you in a spell that restrained you completely and levitated you in the air. Unable to move, and at times even breathe, she spoke with you about the corruption of Haven. She also spoke about her plans briefly. She wants to steal the Sowing Eye from Nikta to end the overgrowth that is causing the Witherwild.','When all hope seemed to have been lost Nora ran through the bog and smashed into the Fanewraith with her shield. This caused her spell to relent and you crashed to the ground. While Nora was distracted making sure that you were ok the Fanewraith vanished, leaving behind the heart fragment she had found.']::text[]);
insert into session_gm_notes (session_id, cliffhanger, quest_progress_notes) values ('b9d0b926-cab9-428c-bdfe-fc4133a20625', '• You know the Fanewraith''s general plans but unsure where she disappeared to.
• Upon returning to Alula, Mugsy gave you a note from Ronan inviting you to meet the resistance.', '• You thwarted the Fanewraiths plan to craft the god-weakening amulet by stopping her from obtaining a heart fragment.');
insert into session_npcs (session_id, character_id) values ('b9d0b926-cab9-428c-bdfe-fc4133a20625', '021aa298-175d-4fb2-af1c-c37eb8205922');
insert into session_npcs (session_id, character_id) values ('b9d0b926-cab9-428c-bdfe-fc4133a20625', 'b422b896-2ae6-4169-a358-a32a54d03e3d');
-- legacy sessions/mmo8s3r54b6wyfbdbhh
insert into sessions (id, campaign_id, slug, session_number, session_date, name, location_id, is_published, summary_html, highlights) values ('3b27f78c-1097-4ee4-8389-471956268941', '3d94bb9a-3995-452f-9e20-371c6c697443', 'journey-to-the-resistance-part-1', 7, '2026-03-12', 'Journey to the Resistance - Part 1', NULL, false, '<p>- You left Alula with Nora and travelled towards the split oak to meet Ronan.<br>- N''Lirk grewa large stalk to help climb the cliffs near fire falls.<br>- At the top of the cliff you found an abandoned campsite and encountered 2 stonewraith''s</p>', ARRAY['N''Lirk grew a large stalk to help the party climb a cliff','Stonewraiths are being spotted far outside of the mountainous areas they normally reside']::text[]);
insert into session_npcs (session_id, character_id) values ('3b27f78c-1097-4ee4-8389-471956268941', '1fea7721-6ff4-4f92-90e1-325250983878');
insert into session_npcs (session_id, character_id) values ('3b27f78c-1097-4ee4-8389-471956268941', 'b422b896-2ae6-4169-a358-a32a54d03e3d');
-- legacy sessions/mnhyevozgs3jj13lpp
insert into sessions (id, campaign_id, slug, session_number, session_date, name, location_id, is_published, summary_html, highlights) values ('5f4abee6-988f-4c01-8147-adf757294f9b', '3d94bb9a-3995-452f-9e20-371c6c697443', 'journey-to-the-resistance-part-2', 8, '2026-03-19', 'Journey to the Resistance - Part 2', 'ec0207f6-823f-4787-8a3d-0f23a2b245c8', false, '<p>- The party finished their rest at the abandoned camp after fighting the stonewraiths to the sound of war horns in the distance.<br>- Ronan came running out of the woods instructing them to follow him.<br>- The party followed him into a chase scene. With the Haven soldiers surrounding them in the woods they succeeded against every challenge.<br>- Eventually they made it to a vine covered cliff face that Ronan pulled aside to reveal a crack in the stone. It was just wide enough for everyone to fit through.<br>- Once inside Ronan explained the layout of the cave system and led them to The Grotto, a tavern in the center of the large cavern. There they met Commander Thessa Ironbark, Kael Dustborn, and Elder Mossheart.<br>- After filling the three new NPCs in on the war horns and Haven movements they went to the War Chamber<br>- They spoke about plans of what to do. The party suggested attacking a flower field and the Commander agreed.</p>', ARRAY['N''Lirk and Herbtle visited Elder Mosshearts Grove and meditated with her. N''Lirk was able to commune with her and the tree there.','Bunt and Yin went back to The Grotto and ordered some drinks. They over heard talks about the flower field. Bunt challenged an orc patron to a drinking contest and won.']::text[]);
insert into session_gm_notes (session_id, cliffhanger, quest_progress_notes) values ('5f4abee6-988f-4c01-8147-adf757294f9b', 'Commander Thessa retired to her chambers to think about the next move. Which flower field would hurt Haven the most to lose.', NULL);
insert into session_npcs (session_id, character_id) values ('5f4abee6-988f-4c01-8147-adf757294f9b', 'df261fb1-de8a-4cd6-857c-4f593b84956b');
insert into session_npcs (session_id, character_id) values ('5f4abee6-988f-4c01-8147-adf757294f9b', '4bdd9e96-d36c-4d74-83b2-c350666a4887');
insert into session_npcs (session_id, character_id) values ('5f4abee6-988f-4c01-8147-adf757294f9b', '05f740b8-37b5-46ba-8d04-bf0b3b22031f');
insert into session_npcs (session_id, character_id) values ('5f4abee6-988f-4c01-8147-adf757294f9b', 'e6856eed-adf0-42b9-b25f-a06396cebb4d');
-- legacy sessions/mnj5ayjv2fecv2h63wi
insert into sessions (id, campaign_id, slug, session_number, session_date, name, location_id, is_published, summary_html, highlights) values ('1b44f34d-f488-4862-b1e3-13a494ea99ff', '3d94bb9a-3995-452f-9e20-371c6c697443', 'burn-the-flower-field', 9, '2026-04-02', 'Burn the Flower Field', 'f38213a5-05f0-4120-9b0e-fc156b3f69aa', false, '<p>- Tired from trip to Underoot the party slept until the late evening<br>- After waking up Bunt took a moment to rally his friends and get them perepared for the day by singing a song<br>- N''lirk spoke to the ancient spirits to get a sense of what the day had in store for them. He saw the greenhouse exploding from barrels marked as explosives and two sets of guards patrolling the area outside<br>- They stepped out to the platform outside of their dwelling and made their way to The Grotto in the center of the Main Chamber of Underoot.<br>- In the tavern they heard people talking of their experiences and ideas about some of the flower fields. Giving them ideas of how best to handle the task ahead of them<br>- After ordering drinks and spending some time relaxing in the tavern, Commander Thessa came in and ushered them to the War Chamber.<br>- In the War Chamber Ronan and Kael waited for them.<br>- They spoke to the group about the plan.<br>- Commander Thessa expressed concerns that Haven may be developing a weapon with the white flowers from the flower field.<br>- Kael shared a rumor that the white flowers can be used to create a potion capable of collecting large amounts of stone dust.<br>- Commander Thessa''s concern is that a biological weapon could be created that would turn entire villages to stone.<br>- With a partial plan created Ronan handed out torches and the party set out for the flower field<br>- The party arrived at the flower field and decided that Bunt would gather up the patrolling guards into the greenhouse to distract them from seeing N''lirk and Herbtle approaching the guard tower.<br>- Bunt successfully convinced them that they should join him in the greenhouse for a celebration.<br>- While in the greenhouse N''lirk and Bunt snuck around the flower fields to the base of the guard tower.<br>- N''lirk destroyed the support beams holding up the structure with his fire flies to bring the tower crashing down.<br>- Herbtle set fire to one of the flower fields shortly after using a fire spell that he knows.<br>- During that time Bunt was able to get free of the greenhouse and send his phantom hand towards the explosive barrels with a torch.<br>- The greenhouse exploded killing all of the guards inside.<br>- The loud explosion alerted one of the guard captains who came to investigate. Upon arriving he saw Herbtle and N''lirk near the collapsed guard tower and attacked.<br>- Bunt took the time to try and take out the supply shed.<br>- There was another guard captain inside the shed. When Bunt attempted to burn it down, the guard came bursting out of the door knowing something was up. He saw Buntand attacked.<br>- N''lirk and Herbtle successfully fought off the guard captain they encountered.<br>- During this time another guard captain and the Field Overseer arrived. Upon seeing the chaos he set off the alarm and the area was flooded with guards. The Field Overseer charged towards N''lirk and Herbtle attacking Herbtle with a large battle axe.<br>- With all the large amount of guards swarming the area N''lirk and Herbtle decided it was time to retreat. Their mission was just about complete.<br>- Bunt traded a few more blows with the guard captain while N''lirk and Herbtle made their way to him.<br>- The fire from the greenhouse was spreading fast and jumped to the remaining flower field.<br>- The party was able to escape the field leaving the guards scrambling to save whatever remained.</p>', ARRAY['N''lirk communed with the ancient spirits to get a vision of the events for the day. He saw the greenhouse exploding and the patrolling guards.','Bunt convinced the guards to join him in the greenhouse where he then blew up the building killing them all.']::text[]);

-- legacy shattered_lands/mmsftrch1epbq6vx157
insert into sessions (id, campaign_id, slug, session_date, name, is_published) values ('2cd2aa7e-8e33-4ae3-a66e-11e2105a6013', 'bb3518a1-bf7c-4094-b58a-1007333c203e', 'sunday-march-15', '2026-03-15', 'Sunday, March 15', false);

insert into misc_categories (id, campaign_id, slug, name, icon) values ('65885132-15b3-40e5-85c0-d1e9c6ad2f01', '3d94bb9a-3995-452f-9e20-371c6c697443', 'cocktails', 'Cocktails', '🍸');
-- legacy cocktails/mmoaczr8gz5a5ryfyhr
insert into misc_entries (id, campaign_id, category_id, created_by, slug, name, content_html) values ('45497055-9f13-4a8e-a45f-eeec0ffc660b', '3d94bb9a-3995-452f-9e20-371c6c697443', '65885132-15b3-40e5-85c0-d1e9c6ad2f01', '0f212309-910c-4d8a-8efc-ec68b6f5a217', 'the-meandering-ventriloquist', 'The Meandering Ventriloquist', '<p><strong>Spirit:</strong> Unknown</p><p><strong>Effects:</strong> Two voices whisper at the one enjoying this cocktail.</p><p><strong>Best served:</strong> night</p><p>An oddly layered drink that speaks to you with two different voices.</p>');
-- legacy cocktails/mmoael90p44wkyh76z
insert into misc_entries (id, campaign_id, category_id, created_by, slug, name, content_html) values ('db5a9dd7-8047-43aa-b0bf-d8f22c141a93', '3d94bb9a-3995-452f-9e20-371c6c697443', '65885132-15b3-40e5-85c0-d1e9c6ad2f01', '0f212309-910c-4d8a-8efc-ec68b6f5a217', 'wilhelm-sunrise', 'Wilhelm Sunrise', '<p><strong>Spirit:</strong> Brandy</p><p><strong>Recipe:</strong> Espresso and brandy</p><p><strong>Effects:</strong> Makes the one consuming the drink wide awake and alert</p><p><strong>Best served:</strong> morning</p><p>Caffeinated alcoholic morning drink</p>');
-- legacy cocktails/mmy7bkc39e0mgp819uq
insert into misc_entries (id, campaign_id, category_id, created_by, slug, name, content_html) values ('cd8e5222-1936-4302-88d6-03067de4c281', '3d94bb9a-3995-452f-9e20-371c6c697443', '65885132-15b3-40e5-85c0-d1e9c6ad2f01', '0f212309-910c-4d8a-8efc-ec68b6f5a217', 'phantom-limb', 'Phantom Limb', '<p><strong>Spirit:</strong> Scotch</p><p><strong>Recipe:</strong> Seltzer lemon twist made with high proof scotch, aged for thousands of years.</p><p><strong>Effects:</strong> If you drink this too fast it  makes you feel like you''re having a stroke</p><p><strong>Best served:</strong> night</p>');
-- legacy cocktails/mmy7dmcjmpu6cllowq
insert into misc_entries (id, campaign_id, category_id, created_by, slug, name, content_html) values ('69fc4449-00d3-4e18-88b4-5a58cba03b39', '3d94bb9a-3995-452f-9e20-371c6c697443', '65885132-15b3-40e5-85c0-d1e9c6ad2f01', '0f212309-910c-4d8a-8efc-ec68b6f5a217', 'bowl-of-milk-or-just-milk', 'Bowl of Milk...Or just Milk', '<p><strong>Spirit:</strong> Milk</p><p><strong>Best served:</strong> anytime</p>');
-- legacy cocktails/mmy8liu4uo0soahvow
insert into misc_entries (id, campaign_id, category_id, created_by, slug, name, content_html) values ('714301d5-5a83-42df-9097-8a59c717467b', '3d94bb9a-3995-452f-9e20-371c6c697443', '65885132-15b3-40e5-85c0-d1e9c6ad2f01', '0f212309-910c-4d8a-8efc-ec68b6f5a217', 'pennicilin', 'Pennicilin', '<p><strong>Spirit:</strong> Whisky</p><p><strong>Recipe:</strong> Blended Scotch Whisky, Lemon Juice, Honey-Ginger Syrup, Islay Scotch, Candied ginger</p><p><strong>Best served:</strong> anytime</p>');
-- legacy cocktails/mni5xsm16kixl1pu5r5
insert into misc_entries (id, campaign_id, category_id, created_by, slug, name, content_html) values ('8c90b753-cb7d-480b-9902-f66f8050b857', '3d94bb9a-3995-452f-9e20-371c6c697443', '65885132-15b3-40e5-85c0-d1e9c6ad2f01', '0f212309-910c-4d8a-8efc-ec68b6f5a217', 'beer', 'Beer', '<p><strong>Best served:</strong> anytime</p>');

commit;
